{
	"经典": [
		{
			"icon": "assets/owo/QQ/E788B1E4BDA0.gif",
			"data": ":$(爱你)"
		},
		{
			"icon": "assets/owo/QQ/E788B1E5BF83.gif",
			"data": ":$(爱心)"
		},
		{
			"icon": "assets/owo/QQ/E582B2E685A2.gif",
			"data": ":$(傲慢)"
		},
		{
			"icon": "assets/owo/QQ/E799BDE79CBC.gif",
			"data": ":$(白眼)"
		},
		{
			"icon": "assets/owo/QQ/E6A392E6A392E7B396.gif",
			"data": ":$(棒棒糖)"
		},
		{
			"icon": "assets/owo/QQ/E78886E7AD8B.gif",
			"data": ":$(爆筋)"
		},
		{
			"icon": "assets/owo/QQ/E68AB1E68BB3.gif",
			"data": ":$(抱拳)"
		},
		{
			"icon": "assets/owo/QQ/E98499E8A786.gif",
			"data": ":$(鄙视)"
		},
		{
			"icon": "assets/owo/QQ/E997ADE598B4.gif",
			"data": ":$(闭嘴)"
		},
		{
			"icon": "assets/owo/QQ/E693A6E6B197.gif",
			"data": ":$(擦汗)"
		},
		{
			"icon": "assets/owo/QQ/E88F9CE58880.gif",
			"data": ":$(菜刀)"
		},
		{
			"icon": "assets/owo/QQ/E59083.gif",
			"data": ":$(吃)"
		},
		{
			"icon": "assets/owo/QQ/E591B2E78999.gif",
			"data": ":$(呲牙)"
		},
		{
			"icon": "assets/owo/QQ/E5A4A7E585B5.gif",
			"data": ":$(大兵)"
		},
		{
			"icon": "assets/owo/QQ/E5A4A7E593AD.gif",
			"data": ":$(大哭)"
		},
		{
			"icon": "assets/owo/QQ/E89B8B.gif",
			"data": ":$(蛋)"
		},
		{
			"icon": "assets/owo/QQ/E5BE97E6848F.gif",
			"data": ":$(得意)"
		},
		{
			"icon": "assets/owo/QQ/doge.gif",
			"data": ":$(doge)"
		},
		{
			"icon": "assets/owo/QQ/E58F91E59186.gif",
			"data": ":$(发呆)"
		},
		{
			"icon": "assets/owo/QQ/E58F91E68092.gif",
			"data": ":$(发怒)"
		},
		{
			"icon": "assets/owo/QQ/E5A58BE69697.gif",
			"data": ":$(奋斗)"
		},
		{
			"icon": "assets/owo/QQ/E5B0B4E5B0AC.gif",
			"data": ":$(尴尬)"
		},
		{
			"icon": "assets/owo/QQ/E58BBEE5BC95.gif",
			"data": ":$(勾引)"
		},
		{
			"icon": "assets/owo/QQ/E9BC93E68E8C.gif",
			"data": ":$(鼓掌)"
		},
		{
			"icon": "assets/owo/QQ/E5AEB3E7BE9E.gif",
			"data": ":$(害羞)"
		},
		{
			"icon": "assets/owo/QQ/E686A8E7AC91.gif",
			"data": ":$(憨笑)"
		},
		{
			"icon": "assets/owo/QQ/E5A5BDE6A392.gif",
			"data": ":$(好棒)"
		},
		{
			"icon": "assets/owo/QQ/E59388E6ACA0.gif",
			"data": ":$(哈欠)"
		},
		{
			"icon": "assets/owo/QQ/E5969DE5BDA9.gif",
			"data": ":$(喝彩)"
		},
		{
			"icon": "assets/owo/QQ/E6B2B3E89FB9.gif",
			"data": ":$(河蟹)"
		},
		{
			"icon": "assets/owo/QQ/E59D8FE7AC91.gif",
			"data": ":$(坏笑)"
		},
		{
			"icon": "assets/owo/QQ/E9A5A5E9A5BF.gif",
			"data": ":$(饥饿)"
		},
		{
			"icon": "assets/owo/QQ/E6838AE68190.gif",
			"data": ":$(惊恐)"
		},
		{
			"icon": "assets/owo/QQ/E6838AE5969C.gif",
			"data": ":$(惊喜)"
		},
		{
			"icon": "assets/owo/QQ/E6838AE8AEB6.gif",
			"data": ":$(惊讶)"
		},
		{
			"icon": "assets/owo/QQ/E88F8AE88AB1.gif",
			"data": ":$(菊花)"
		},
		{
			"icon": "assets/owo/QQ/E58FAFE788B1.gif",
			"data": ":$(可爱)"
		},
		{
			"icon": "assets/owo/QQ/E58FAFE6809C.gif",
			"data": ":$(可怜)"
		},
		{
			"icon": "assets/owo/QQ/E68AA0E9BCBB.gif",
			"data": ":$(抠鼻)"
		},
		{
			"icon": "assets/owo/QQ/E985B7.gif",
			"data": ":$(酷)"
		},
		{
			"icon": "assets/owo/QQ/E5BFABE593ADE4BA86.gif",
			"data": ":$(快哭了)"
		},
		{
			"icon": "assets/owo/QQ/E9AAB7E9AB85.gif",
			"data": ":$(骷髅)"
		},
		{
			"icon": "assets/owo/QQ/E59BB0.gif",
			"data": ":$(困)"
		},
		{
			"icon": "assets/owo/QQ/E7AFAEE79083.gif",
			"data": ":$(篮球)"
		},
		{
			"icon": "assets/owo/QQ/E6B3AAE5A594.gif",
			"data": ":$(泪奔)"
		},
		{
			"icon": "assets/owo/QQ/E586B7E6B197.gif",
			"data": ":$(冷汗)"
		},
		{
			"icon": "assets/owo/QQ/E6B581E6B197.gif",
			"data": ":$(流汗)"
		},
		{
			"icon": "assets/owo/QQ/E6B581E6B3AA.gif",
			"data": ":$(流泪)"
		},
		{
			"icon": "assets/owo/QQ/E99ABEE8BF87.gif",
			"data": ":$(难过)"
		},
		{
			"icon": "assets/owo/QQ/OK.gif",
			"data": ":$(OK)"
		},
		{
			"icon": "assets/owo/QQ/E596B7E8A180.gif",
			"data": ":$(喷血)"
		},
		{
			"icon": "assets/owo/QQ/E69287E598B4.gif",
			"data": ":$(撇嘴)"
		},
		{
			"icon": "assets/owo/QQ/E595A4E98592.gif",
			"data": ":$(啤酒)"
		},
		{
			"icon": "assets/owo/QQ/E5BCBA.gif",
			"data": ":$(强)"
		},
		{
			"icon": "assets/owo/QQ/E695B2E68993.gif",
			"data": ":$(敲打)"
		},
		{
			"icon": "assets/owo/QQ/E4BAB2E4BAB2.gif",
			"data": ":$(亲亲)"
		},
		{
			"icon": "assets/owo/QQ/E7B397E5A4A7E4BA86.gif",
			"data": ":$(糗大了)"
		},
		{
			"icon": "assets/owo/QQ/E68BB3E5A4B4.gif",
			"data": ":$(拳头)"
		},
		{
			"icon": "assets/owo/QQ/E9AA9AE689B0.gif",
			"data": ":$(骚扰)"
		},
		{
			"icon": "assets/owo/QQ/E889B2.gif",
			"data": ":$(色)"
		},
		{
			"icon": "assets/owo/QQ/E8839CE588A9.gif",
			"data": ":$(胜利)"
		},
		{
			"icon": "assets/owo/QQ/E6898BE69EAA.gif",
			"data": ":$(手枪)"
		},
		{
			"icon": "assets/owo/QQ/E8A1B0.gif",
			"data": ":$(衰)"
		},
		{
			"icon": "assets/owo/QQ/E79DA1.gif",
			"data": ":$(睡)"
		},
		{
			"icon": "assets/owo/QQ/E8B083E79AAE.gif",
			"data": ":$(调皮)"
		},
		{
			"icon": "assets/owo/QQ/E581B7E7AC91.gif",
			"data": ":$(偷笑)"
		},
		{
			"icon": "assets/owo/QQ/E59090.gif",
			"data": ":$(吐)"
		},
		{
			"icon": "assets/owo/QQ/E68998E885AE.gif",
			"data": ":$(托腮)"
		},
		{
			"icon": "assets/owo/QQ/E5A794E5B188.gif",
			"data": ":$(委屈)"
		},
		{
			"icon": "assets/owo/QQ/E5BEAEE7AC91.gif",
			"data": ":$(微笑)"
		},
		{
			"icon": "assets/owo/QQ/E68FA1E6898B.gif",
			"data": ":$(握手)"
		},
		{
			"icon": "assets/owo/QQ/E68891E69C80E7BE8E.gif",
			"data": ":$(我最美)"
		},
		{
			"icon": "assets/owo/QQ/E697A0E5A588.gif",
			"data": ":$(无奈)"
		},
		{
			"icon": "assets/owo/QQ/E59093.gif",
			"data": ":$(吓)"
		},
		{
			"icon": "assets/owo/QQ/E5B08FE7BAA0E7BB93.gif",
			"data": ":$(小纠结)"
		},
		{
			"icon": "assets/owo/QQ/E7AC91E593AD.gif",
			"data": ":$(笑哭)"
		},
		{
			"icon": "assets/owo/QQ/E5B08FE6A0B7E584BF.gif",
			"data": ":$(小样儿)"
		},
		{
			"icon": "assets/owo/QQ/E6969CE79CBCE7AC91.gif",
			"data": ":$(斜眼笑)"
		},
		{
			"icon": "assets/owo/QQ/E8A5BFE7939C.gif",
			"data": ":$(西瓜)"
		},
		{
			"icon": "assets/owo/QQ/E59898.gif",
			"data": ":$(嘘)"
		},
		{
			"icon": "assets/owo/QQ/E7BE8AE9A9BC.gif",
			"data": ":$(羊驼)"
		},
		{
			"icon": "assets/owo/QQ/E998B4E999A9.gif",
			"data": ":$(阴险)"
		},
		{
			"icon": "assets/owo/QQ/E79691E997AE.gif",
			"data": ":$(疑问)"
		},
		{
			"icon": "assets/owo/QQ/E58FB3E593BCE593BC.gif",
			"data": ":$(右哼哼)"
		},
		{
			"icon": "assets/owo/QQ/E5B9BDE781B5.gif",
			"data": ":$(幽灵)"
		},
		{
			"icon": "assets/owo/QQ/E69995.gif",
			"data": ":$(晕)"
		},
		{
			"icon": "assets/owo/QQ/E5868DE8A781.gif",
			"data": ":$(再见)"
		},
		{
			"icon": "assets/owo/QQ/E79CA8E79CBCE79D9B.gif",
			"data": ":$(眨眼睛)"
		},
		{
			"icon": "assets/owo/QQ/E68A98E7A3A8.gif",
			"data": ":$(折磨)"
		},
		{
			"icon": "assets/owo/QQ/E59292E9AA82.gif",
			"data": ":$(咒骂)"
		},
		{
			"icon": "assets/owo/QQ/E68A93E78B82.gif",
			"data": ":$(抓狂)"
		},
		{
			"icon": "assets/owo/QQ/E5B7A6E593BCE593BC.gif",
			"data": ":$(左哼哼)"
		}
	],
	"泡泡": [
		{
			"icon": "assets/owo/paopao/E591B5E591B5_2x.png",
			"data": "::(呵呵)"
		},
		{
			"icon": "assets/owo/paopao/E59388E59388_2x.png",
			"data": "::(哈哈)"
		},
		{
			"icon": "assets/owo/paopao/E59090E8888C_2x.png",
			"data": "::(吐舌)"
		},
		{
			"icon": "assets/owo/paopao/E5A4AAE5BC80E5BF83_2x.png",
			"data": "::(太开心)"
		},
		{
			"icon": "assets/owo/paopao/E7AC91E79CBC_2x.png",
			"data": "::(笑眼)"
		},
		{
			"icon": "assets/owo/paopao/E88AB1E5BF83_2x.png",
			"data": "::(花心)"
		},
		{
			"icon": "assets/owo/paopao/E5B08FE4B996_2x.png",
			"data": "::(小乖)"
		},
		{
			"icon": "assets/owo/paopao/E4B996_2x.png",
			"data": "::(乖)"
		},
		{
			"icon": "assets/owo/paopao/E68D82E598B4E7AC91_2x.png",
			"data": "::(捂嘴笑)"
		},
		{
			"icon": "assets/owo/paopao/E6BB91E7A8BD_2x.png",
			"data": "::(滑稽)"
		},
		{
			"icon": "assets/owo/paopao/E4BDA0E68782E79A84_2x.png",
			"data": "::(你懂的)"
		},
		{
			"icon": "assets/owo/paopao/E4B88DE9AB98E585B4_2x.png",
			"data": "::(不高兴)"
		},
		{
			"icon": "assets/owo/paopao/E68092_2x.png",
			"data": "::(怒)"
		},
		{
			"icon": "assets/owo/paopao/E6B197_2x.png",
			"data": "::(汗)"
		},
		{
			"icon": "assets/owo/paopao/E9BB91E7BABF_2x.png",
			"data": "::(黑线)"
		},
		{
			"icon": "assets/owo/paopao/E6B3AA_2x.png",
			"data": "::(泪)"
		},
		{
			"icon": "assets/owo/paopao/E79C9FE6A392_2x.png",
			"data": "::(真棒)"
		},
		{
			"icon": "assets/owo/paopao/E596B7_2x.png",
			"data": "::(喷)"
		},
		{
			"icon": "assets/owo/paopao/E6838AE593AD_2x.png",
			"data": "::(惊哭)"
		},
		{
			"icon": "assets/owo/paopao/E998B4E999A9_2x.png",
			"data": "::(阴险)"
		},
		{
			"icon": "assets/owo/paopao/E98499E8A786_2x.png",
			"data": "::(鄙视)"
		},
		{
			"icon": "assets/owo/paopao/E985B7_2x.png",
			"data": "::(酷)"
		},
		{
			"icon": "assets/owo/paopao/E5958A_2x.png",
			"data": "::(啊)"
		},
		{
			"icon": "assets/owo/paopao/E78B82E6B197_2x.png",
			"data": "::(狂汗)"
		},
		{
			"icon": "assets/owo/paopao/what_2x.png",
			"data": "::(what)"
		},
		{
			"icon": "assets/owo/paopao/E79691E997AE_2x.png",
			"data": "::(疑问)"
		},
		{
			"icon": "assets/owo/paopao/E985B8E788BD_2x.png",
			"data": "::(酸爽)"
		},
		{
			"icon": "assets/owo/paopao/E59180E592A9E788B9_2x.png",
			"data": "::(呀咩爹)"
		},
		{
			"icon": "assets/owo/paopao/E5A794E5B188_2x.png",
			"data": "::(委屈)"
		},
		{
			"icon": "assets/owo/paopao/E6838AE8AEB6_2x.png",
			"data": "::(惊讶)"
		},
		{
			"icon": "assets/owo/paopao/E79DA1E8A789_2x.png",
			"data": "::(睡觉)"
		},
		{
			"icon": "assets/owo/paopao/E7AC91E5B0BF_2x.png",
			"data": "::(笑尿)"
		},
		{
			"icon": "assets/owo/paopao/E68C96E9BCBB_2x.png",
			"data": "::(挖鼻)"
		},
		{
			"icon": "assets/owo/paopao/E59090_2x.png",
			"data": "::(吐)"
		},
		{
			"icon": "assets/owo/paopao/E78A80E588A9_2x.png",
			"data": "::(犀利)"
		},
		{
			"icon": "assets/owo/paopao/E5B08FE7BAA2E884B8_2x.png",
			"data": "::(小红脸)"
		},
		{
			"icon": "assets/owo/paopao/E68792E5BE97E79086_2x.png",
			"data": "::(懒得理)"
		},
		{
			"icon": "assets/owo/paopao/E58B89E5BCBA_2x.png",
			"data": "::(勉强)"
		},
		{
			"icon": "assets/owo/paopao/E788B1E5BF83_2x.png",
			"data": "::(爱心)"
		},
		{
			"icon": "assets/owo/paopao/E5BF83E7A28E_2x.png",
			"data": "::(心碎)"
		},
		{
			"icon": "assets/owo/paopao/E78EABE791B0_2x.png",
			"data": "::(玫瑰)"
		},
		{
			"icon": "assets/owo/paopao/E7A4BCE789A9_2x.png",
			"data": "::(礼物)"
		},
		{
			"icon": "assets/owo/paopao/E5BDA9E899B9_2x.png",
			"data": "::(彩虹)"
		},
		{
			"icon": "assets/owo/paopao/E5A4AAE998B3_2x.png",
			"data": "::(太阳)"
		},
		{
			"icon": "assets/owo/paopao/E6989FE6989FE69C88E4BAAE_2x.png",
			"data": "::(星星月亮)"
		},
		{
			"icon": "assets/owo/paopao/E992B1E5B881_2x.png",
			"data": "::(钱币)"
		},
		{
			"icon": "assets/owo/paopao/E88CB6E69DAF_2x.png",
			"data": "::(茶杯)"
		},
		{
			"icon": "assets/owo/paopao/E89B8BE7B395_2x.png",
			"data": "::(蛋糕)"
		},
		{
			"icon": "assets/owo/paopao/E5A4A7E68B87E68C87_2x.png",
			"data": "::(大拇指)"
		},
		{
			"icon": "assets/owo/paopao/E8839CE588A9_2x.png",
			"data": "::(胜利)"
		},
		{
			"icon": "assets/owo/paopao/haha_2x.png",
			"data": "::(haha)"
		},
		{
			"icon": "assets/owo/paopao/OK_2x.png",
			"data": "::(OK)"
		},
		{
			"icon": "assets/owo/paopao/E6B299E58F91_2x.png",
			"data": "::(沙发)"
		},
		{
			"icon": "assets/owo/paopao/E6898BE7BAB8_2x.png",
			"data": "::(手纸)"
		},
		{
			"icon": "assets/owo/paopao/E9A699E89589_2x.png",
			"data": "::(香蕉)"
		},
		{
			"icon": "assets/owo/paopao/E4BEBFE4BEBF_2x.png",
			"data": "::(便便)"
		},
		{
			"icon": "assets/owo/paopao/E88DAFE4B8B8_2x.png",
			"data": "::(药丸)"
		},
		{
			"icon": "assets/owo/paopao/E7BAA2E9A286E5B7BE_2x.png",
			"data": "::(红领巾)"
		},
		{
			"icon": "assets/owo/paopao/E89CA1E7839B_2x.png",
			"data": "::(蜡烛)"
		},
		{
			"icon": "assets/owo/paopao/E99FB3E4B990_2x.png",
			"data": "::(音乐)"
		},
		{
			"icon": "assets/owo/paopao/E781AFE6B3A1_2x.png",
			"data": "::(灯泡)"
		},
		{
			"icon": "assets/owo/paopao/E5BC80E5BF83_2x.png",
			"data": "::(开心)"
		},
		{
			"icon": "assets/owo/paopao/E992B1_2x.png",
			"data": "::(钱)"
		},
		{
			"icon": "assets/owo/paopao/E592A6_2x.png",
			"data": "::(咦)"
		},
		{
			"icon": "assets/owo/paopao/E591BC_2x.png",
			"data": "::(呼)"
		},
		{
			"icon": "assets/owo/paopao/E586B7_2x.png",
			"data": "::(冷)"
		},
		{
			"icon": "assets/owo/paopao/E7949FE6B094_2x.png",
			"data": "::(生气)"
		},
		{
			"icon": "assets/owo/paopao/E5BCB1_2x.png",
			"data": "::(弱)"
		},
		{
			"icon": "assets/owo/paopao/E78B97E5A4B4_2x.png",
			"data": "::(狗头)"
		}
	],
	"阿鲁": [
		{
			"icon": "assets/owo/aru/E9AB98E585B4_2x.png",
			"data": ":@(高兴)"
		},
		{
			"icon": "assets/owo/aru/E5B08FE68092_2x.png",
			"data": ":@(小怒)"
		},
		{
			"icon": "assets/owo/aru/E884B8E7BAA2_2x.png",
			"data": ":@(脸红)"
		},
		{
			"icon": "assets/owo/aru/E58685E4BCA4_2x.png",
			"data": ":@(内伤)"
		},
		{
			"icon": "assets/owo/aru/E8A385E5A4A7E6ACBE_2x.png",
			"data": ":@(装大款)"
		},
		{
			"icon": "assets/owo/aru/E8B59EE4B880E4B8AA_2x.png",
			"data": ":@(赞一个)"
		},
		{
			"icon": "assets/owo/aru/E5AEB3E7BE9E_2x.png",
			"data": ":@(害羞)"
		},
		{
			"icon": "assets/owo/aru/E6B197_2x.png",
			"data": ":@(汗)"
		},
		{
			"icon": "assets/owo/aru/E59090E8A180E58092E59CB0_2x.png",
			"data": ":@(吐血倒地)"
		},
		{
			"icon": "assets/owo/aru/E6B7B1E6809D_2x.png",
			"data": ":@(深思)"
		},
		{
			"icon": "assets/owo/aru/E4B88DE9AB98E585B4_2x.png",
			"data": ":@(不高兴)"
		},
		{
			"icon": "assets/owo/aru/E697A0E8AFAD_2x.png",
			"data": ":@(无语)"
		},
		{
			"icon": "assets/owo/aru/E4BAB2E4BAB2_2x.png",
			"data": ":@(亲亲)"
		},
		{
			"icon": "assets/owo/aru/E58FA3E6B0B4_2x.png",
			"data": ":@(口水)"
		},
		{
			"icon": "assets/owo/aru/E5B0B4E5B0AC_2x.png",
			"data": ":@(尴尬)"
		},
		{
			"icon": "assets/owo/aru/E4B8ADE68C87_2x.png",
			"data": ":@(中指)"
		},
		{
			"icon": "assets/owo/aru/E683B3E4B880E683B3_2x.png",
			"data": ":@(想一想)"
		},
		{
			"icon": "assets/owo/aru/E593ADE6B3A3_2x.png",
			"data": ":@(哭泣)"
		},
		{
			"icon": "assets/owo/aru/E4BEBFE4BEBF_2x.png",
			"data": ":@(便便)"
		},
		{
			"icon": "assets/owo/aru/E78CAEE88AB1_2x.png",
			"data": ":@(献花)"
		},
		{
			"icon": "assets/owo/aru/E79AB1E79C89_2x.png",
			"data": ":@(皱眉)"
		},
		{
			"icon": "assets/owo/aru/E582BBE7AC91_2x.png",
			"data": ":@(傻笑)"
		},
		{
			"icon": "assets/owo/aru/E78B82E6B197_2x.png",
			"data": ":@(狂汗)"
		},
		{
			"icon": "assets/owo/aru/E59090_2x.png",
			"data": ":@(吐)"
		},
		{
			"icon": "assets/owo/aru/E596B7E6B0B4_2x.png",
			"data": ":@(喷水)"
		},
		{
			"icon": "assets/owo/aru/E79C8BE4B88DE8A781_2x.png",
			"data": ":@(看不见)"
		},
		{
			"icon": "assets/owo/aru/E9BC93E68E8C_2x.png",
			"data": ":@(鼓掌)"
		},
		{
			"icon": "assets/owo/aru/E998B4E69A97_2x.png",
			"data": ":@(阴暗)"
		},
		{
			"icon": "assets/owo/aru/E995BFE88D89_2x.png",
			"data": ":@(长草)"
		},
		{
			"icon": "assets/owo/aru/E78CAEE9BB84E7939C_2x.png",
			"data": ":@(献黄瓜)"
		},
		{
			"icon": "assets/owo/aru/E982AAE681B6_2x.png",
			"data": ":@(邪恶)"
		},
		{
			"icon": "assets/owo/aru/E69C9FE5BE85_2x.png",
			"data": ":@(期待)"
		},
		{
			"icon": "assets/owo/aru/E5BE97E6848F_2x.png",
			"data": ":@(得意)"
		},
		{
			"icon": "assets/owo/aru/E59090E8888C_2x.png",
			"data": ":@(吐舌)"
		},
		{
			"icon": "assets/owo/aru/E596B7E8A180_2x.png",
			"data": ":@(喷血)"
		},
		{
			"icon": "assets/owo/aru/E697A0E68980E8B093_2x.png",
			"data": ":@(无所谓)"
		},
		{
			"icon": "assets/owo/aru/E8A782E5AF9F_2x.png",
			"data": ":@(观察)",
			"text": "观察"
		},
		{
			"icon": "assets/owo/aru/E69A97E59CB0E8A782E5AF9F_2x.png",
			"data": ":@(暗地观察)"
		},
		{
			"icon": "assets/owo/aru/E882BFE58C85_2x.png",
			"data": ":@(肿包)"
		},
		{
			"icon": "assets/owo/aru/E4B8ADE69EAA_2x.png",
			"data": ":@(中枪)"
		},
		{
			"icon": "assets/owo/aru/E5A4A7E59BA7_2x.png",
			"data": ":@(大囧)"
		},
		{
			"icon": "assets/owo/aru/E591B2E78999_2x.png",
			"data": ":@(呲牙)"
		},
		{
			"icon": "assets/owo/aru/E68AA0E9BCBB_2x.png",
			"data": ":@(抠鼻)"
		},
		{
			"icon": "assets/owo/aru/E4B88DE8AFB4E8AF9D_2x.png",
			"data": ":@(不说话)"
		},
		{
			"icon": "assets/owo/aru/E592BDE6B094_2x.png",
			"data": ":@(咽气)"
		},
		{
			"icon": "assets/owo/aru/E6ACA2E591BC_2x.png",
			"data": ":@(欢呼)"
		},
		{
			"icon": "assets/owo/aru/E99481E79C89_2x.png",
			"data": ":@(锁眉)"
		},
		{
			"icon": "assets/owo/aru/E89CA1E7839B_2x.png",
			"data": ":@(蜡烛)"
		},
		{
			"icon": "assets/owo/aru/E59D90E7AD89_2x.png",
			"data": ":@(坐等)"
		},
		{
			"icon": "assets/owo/aru/E587BBE68E8C_2x.png",
			"data": ":@(击掌)"
		},
		{
			"icon": "assets/owo/aru/E6838AE5969C_2x.png",
			"data": ":@(惊喜)"
		},
		{
			"icon": "assets/owo/aru/E5969CE69E81E8808CE6B3A3_2x.png",
			"data": ":@(喜极而泣)"
		},
		{
			"icon": "assets/owo/aru/E68ABDE7839F_2x.png",
			"data": ":@(抽烟)"
		},
		{
			"icon": "assets/owo/aru/E4B88DE587BAE68980E69699_2x.png",
			"data": ":@(不出所料)"
		},
		{
			"icon": "assets/owo/aru/E684A4E68092_2x.png",
			"data": ":@(愤怒)"
		},
		{
			"icon": "assets/owo/aru/E697A0E5A588_2x.png",
			"data": ":@(无奈)"
		},
		{
			"icon": "assets/owo/aru/E9BB91E7BABF_2x.png",
			"data": ":@(黑线)"
		},
		{
			"icon": "assets/owo/aru/E68A95E9998D_2x.png",
			"data": ":@(投降)"
		},
		{
			"icon": "assets/owo/aru/E79C8BE783ADE997B9_2x.png",
			"data": ":@(看热闹)"
		},
		{
			"icon": "assets/owo/aru/E68987E880B3E58589_2x.png",
			"data": ":@(扇耳光)"
		},
		{
			"icon": "assets/owo/aru/E5B08FE79CBCE79D9B_2x.png",
			"data": ":@(小眼睛)"
		},
		{
			"icon": "assets/owo/aru/E4B8ADE58880_2x.png",
			"data": ":@(中刀)"
		}
	],
	"颜文字": [
		{
			"icon": "|´・ω・)ノ",
			"data": "|´・ω・)ノ"
		},
		{
			"icon": "ヾ(≧∇≦*)ゝ",
			"data": "ヾ(≧∇≦*)ゝ"
		},
		{
			"icon": "(☆ω☆)",
			"data": "(☆ω☆)"
		},
		{
			"icon": "（╯‵□′）╯︵┴─┴",
			"data": "（╯‵□′）╯︵┴─┴"
		},
		{
			"icon": "￣﹃￣",
			"data": "￣﹃￣"
		},
		{
			"icon": "(/ω＼)",
			"data": "(/ω＼)"
		},
		{
			"icon": "∠( ᐛ 」∠)＿",
			"data": "∠( ᐛ 」∠)＿"
		},
		{
			"icon": "(๑•̀ㅁ•́ฅ)",
			"data": "(๑•̀ㅁ•́ฅ)"
		},
		{
			"icon": "→_→",
			"data": "→_→"
		},
		{
			"icon": "୧(๑•̀⌄•́๑)૭",
			"data": "୧(๑•̀⌄•́๑)૭"
		},
		{
			"icon": "٩(ˊᗜˋ*)و",
			"data": "٩(ˊᗜˋ*)و"
		},
		{
			"icon": "(ノ°ο°)ノ",
			"data": "(ノ°ο°)ノ"
		},
		{
			"icon": "(´இ皿இ｀)",
			"data": "(´இ皿இ｀)"
		},
		{
			"icon": "⌇●﹏●⌇",
			"data": "⌇●﹏●⌇"
		},
		{
			"icon": "(ฅ´ω`ฅ)",
			"data": "(ฅ´ω`ฅ)"
		},
		{
			"icon": "(╯°A°)╯︵○○○",
			"data": "(╯°A°)╯︵○○○"
		},
		{
			"icon": "φ(￣∇￣o)",
			"data": "φ(￣∇￣o)"
		},
		{
			"icon": "ヾ(´･ ･｀｡)ノ\"",
			"data": "ヾ(´･ ･｀｡)ノ\""
		},
		{
			"icon": "( ง ᵒ̌皿ᵒ̌)ง⁼³₌₃",
			"data": "( ง ᵒ̌皿ᵒ̌)ง⁼³₌₃"
		},
		{
			"icon": "(ó﹏ò｡)",
			"data": "(ó﹏ò｡)"
		},
		{
			"icon": "Σ(っ °Д °;)っ",
			"data": "Σ(っ °Д °;)っ"
		},
		{
			"icon": "( ,,´･ω･)ﾉ\"(´っω･｀｡)",
			"data": "( ,,´･ω･)ﾉ\"(´っω･｀｡)"
		},
		{
			"icon": "╮(╯▽╰)╭ ",
			"data": "╮(╯▽╰)╭ "
		},
		{
			"icon": "o(*////▽////*)q ",
			"data": "o(*////▽////*)q "
		},
		{
			"icon": "＞﹏＜",
			"data": "＞﹏＜"
		},
		{
			"icon": "( ๑´•ω•) \"(ㆆᴗㆆ)",
			"data": "( ๑´•ω•) \"(ㆆᴗㆆ)"
		},
		{
			"icon": "(｡•ˇ‸ˇ•｡)",
			"data": "(｡•ˇ‸ˇ•｡)"
		}
	]
}